-- MySQL dump 10.13  Distrib 8.0.42, for Win64 (x86_64)
--
-- Host: 127.0.0.1    Database: cybar
-- ------------------------------------------------------
-- Server version	8.0.42

/*!40101 SET @OLD_CHARACTER_SET_CLIENT=@@CHARACTER_SET_CLIENT */;
/*!40101 SET @OLD_CHARACTER_SET_RESULTS=@@CHARACTER_SET_RESULTS */;
/*!40101 SET @OLD_COLLATION_CONNECTION=@@COLLATION_CONNECTION */;
/*!50503 SET NAMES utf8mb4 */;
/*!40103 SET @OLD_TIME_ZONE=@@TIME_ZONE */;
/*!40103 SET TIME_ZONE='+00:00' */;
/*!40014 SET @OLD_UNIQUE_CHECKS=@@UNIQUE_CHECKS, UNIQUE_CHECKS=0 */;
/*!40014 SET @OLD_FOREIGN_KEY_CHECKS=@@FOREIGN_KEY_CHECKS, FOREIGN_KEY_CHECKS=0 */;
/*!40101 SET @OLD_SQL_MODE=@@SQL_MODE, SQL_MODE='NO_AUTO_VALUE_ON_ZERO' */;
/*!40111 SET @OLD_SQL_NOTES=@@SQL_NOTES, SQL_NOTES=0 */;

--
-- Table structure for table `cocktails`
--

DROP TABLE IF EXISTS `cocktails`;
/*!40101 SET @saved_cs_client     = @@character_set_client */;
/*!50503 SET character_set_client = utf8mb4 */;
CREATE TABLE `cocktails` (
  `id` varchar(255) CHARACTER SET utf8mb4 COLLATE utf8mb4_unicode_ci NOT NULL,
  `name` varchar(255) COLLATE utf8mb4_unicode_ci NOT NULL COMMENT '名称',
  `instructions` text COLLATE utf8mb4_unicode_ci NOT NULL COMMENT '调配说明',
  `estimated_abv` decimal(5,2) DEFAULT NULL COMMENT '预估酒精度（如22.1）',
  `total_volume` decimal(10,2) DEFAULT '0.00' COMMENT '总容量(ml)',
  `created_by` varchar(255) COLLATE utf8mb4_unicode_ci NOT NULL COMMENT '创建者',
  `created_at` timestamp NULL DEFAULT CURRENT_TIMESTAMP COMMENT '创建时间',
  `image` varchar(255) COLLATE utf8mb4_unicode_ci DEFAULT NULL COMMENT '配方图片路径',
  `description` text COLLATE utf8mb4_unicode_ci COMMENT '鸡尾酒描述',
  PRIMARY KEY (`id`)
) ENGINE=InnoDB DEFAULT CHARSET=utf8mb4 COLLATE=utf8mb4_unicode_ci;
/*!40101 SET character_set_client = @saved_cs_client */;

--
-- Dumping data for table `cocktails`
--

LOCK TABLES `cocktails` WRITE;
/*!40000 ALTER TABLE `cocktails` DISABLE KEYS */;
INSERT INTO `cocktails` VALUES ('1744625138526','新的生命','直接把整瓶生命之水对瓶吹',96.00,500.00,'running_kuma','2025-05-23 03:34:00',NULL,NULL),('1744628113626','柠檬树下柠檬果','先放柠檬汁，再放古巴哈瓦那，再放柠檬片',10.00,160.00,'252','2025-05-23 03:34:00',NULL,NULL),('1744691847322','One Sip from Hell','【步骤】\n将 Shot 杯预先冷却，保持冰爽，以减缓入口酒精与辣度冲击。\n\n在调酒杯中依次加入 Everclear、Ancho Reyes、Mezcal，搅拌均匀。\n\n小心加入辣酱混合液，建议使用滴管操作，避免手部直接接触。\n\n加入番茄浓缩液，轻微搅拌形成均匀液体。\n\n用过滤网过滤杂质后，将液体倒入冰镇 Shot 杯中。\n\n杯口可根据需要抹上辣椒粉和盐混合边，提升视觉与口感冲击。\n\n如需增加冷感，可在杯中加入极小片冰晶。\n\n\n【饮用方式】\n饮前请深呼吸三次，稳定心跳。\n\n一口饮尽，不得犹豫。\n\n饮后不建议立刻说话或进食，需静坐30秒以观察反应。\n\n建议准备牛奶、酸奶或冰柠檬水用于后续缓解。\n\n\n【警告】\n不可空腹饮用\n\n不适合对酒精或辣椒敏感者\n\n不建议心脏病、高血压、肠胃病患者尝试\n\n饮后可能短暂出现流泪、发汗、头晕、面部发热等症状，属正常范围',48.30,30.00,'Andrew','2025-05-23 03:34:00',NULL,NULL),('1744692303176','绝对零感（Absolute Zero）','【调制方式】\n将 Shot 杯彻底冰镇至 -18°C 以下。\n\n使用玻璃移液管或精准计量工具，加入 29.85 ml 无水乙醇。\n\n加入 0.15 ml 蒸馏水或冰水，轻轻旋转混合。\n\n密封冷藏至 -10°C 左右，呈现极清透效果。\n\n饮用前滴入一滴柠檬油，作为唯一的“味觉提示”。（可选）\n\n【饮用建议】\n一次仅饮一口（5-10ml）\n\n饮后需配合大量冰水或牛奶清洁口腔\n\n避免空腹、独饮、饮后立即运动\n\n不得在封闭空间点火，禁止靠近明火或加热源\n\n禁止未成年人、心脑血管病患者接触',99.40,30.00,'Andrew','2025-05-23 03:34:00',NULL,NULL),('1744693514324','生命之源','2份氢气+1份氧气点燃',0.00,3.00,'Andrew','2025-05-23 03:34:00',NULL,NULL),('1744694215227','浓缩暗物质','两份火岩夸克+一份的铯+一整瓶的生命之源（具体见生命之源配方）',37.50,800.00,'cdy','2025-05-23 03:34:00',NULL,NULL),('1744718483773','绝对日落','1杯中加入冰块\n2加入伏特加\n3橙汁五分满\n4搅拌均匀\n5葡萄气泡水补满',8.00,200.00,'lvy','2025-05-23 03:34:00',NULL,NULL),('1744719369162','命苦（BITTER LIFE）','调制步骤 Method\n1. 混合基酒：在摇酒壶中加入金酒、苦杏酒、柠檬汁和黑糖糖浆，加冰摇匀至充分混合。  \n2. 双重苦涩：在装满冰块的岩石杯中滴入苦精，旋转杯壁使其附着。  \n3. 注入命运：将摇好的酒液过滤倒入杯中，顶部缓缓倒入苏打水，形成分层效果（象征无法逃脱的苦难）。  \n4. 点睛之痛：挤拧柠檬皮释放油脂，丢弃皮，最后在杯口放一颗咖啡豆——寓意“清醒地承受”。  \n\n“初尝辛辣，继而甜媚，终以苦涩回甘——如命运般矛盾。但那颗咖啡豆提醒你：清醒，才能熬过一切。”\n\n暗黑哲学系调酒，适合搭配低沉爵士乐或深夜独饮。',21.20,125.50,'252','2025-05-23 03:34:00',NULL,NULL),('1744724951172','Sleepy Coffee','将金酒倒入冰美式中搅拌混合，可根据需求加入糖浆或柠檬汁',8.40,190.00,'中山大学不会梦到Coffee学长','2025-05-23 03:34:00',NULL,NULL),('1744823703443','252：余味如风（Bittersweet 252）','以252命名的酒\n它叫252，像一个人名，也像一句暗语。\n开头是坦白，中段是沉思，结尾是放下。\n像是走出半生，\n经历了年少的意气风发\n经历了生活的酸甜苦辣，\n但回首望去，\n记忆里还是有最美好的她。\n你喝了一口，苦涩干烈，随即是微酸与辛辣，\n最终是微微的石榴回甘。\n就让往日随风去罢，\n愿你归来仍是少年。\n\n\n调配方法：\n龙舌兰和伏特加，加冰摇10-15 秒；\n加入姜酒柠檬汁和石榴糖浆，摇晃45秒使其充分嵘合；\n过滤倒入马提尼杯；',22.10,85.00,'252伟大的父亲','2025-05-23 03:34:00',NULL,NULL),('1744911412427','Ciallo～(∠・ω< )⌒★','『Ciallo～(∠·ω< )⌒★』汇聚了因幡巡灵动俏皮与魔女宴会神秘华光，深红血橙在唇齿间绽放如曦光初照，又似夜幕降临前的余晖，覆盆子酒丝般润滑，宛若魔法顷刻成型。轻啜一口，紫罗兰幽香弥漫指尖，星尘般闪粉流转于杯壁，带来梦幻视感。金酒草本与柠檬清韵在舌尖跳跃，苏打气泡如夜宴欢歌，迸发灵魂深处的雀跃。口感层次如同因幡巡的千面笑容，既甜美俏皮，又暗藏冷冽锋芒。杯沿细砂糖仿若月辉星屑，星形柑橘皮摇曳，为味觉与视觉带来双重狂欢。每一次举杯，都仿佛踏入姬松学园超自然研究部的魔法殿堂，感受因幡巡的独特咒语与魅力，点亮夜晚最璀璨的宴会时刻。Ciallo的魅力永恒流传。\n\n制作说明：\n一，准备工作\n器具：雪克壶、量杯（15 ml/30 ml）、霍桑过滤器、细网过滤器、老式杯（Old Fashioned）、吧勺。\n\n冰块：优选家用冰箱中干燥、透明的大冰块，可保证冷却效果佳且融化缓慢\n\n二，冰镇玻璃\n将老式杯放入冰箱冷冻室30分钟；或\n\n在杯中加入冰块和冷水，浸泡1分钟后倒出，擦干杯壁，即可获得理想冷却效果\n\n三，基酒调制\n向雪克壶依次加入：\n\n血橙汁 30 ml\n\n覆盆子利口酒 15 ml\n\n紫罗兰力娇酒 10 ml\n\n金酒 30 ml\n\n新鲜柠檬汁 10 ml\n\n填满冰块，用力摇晃5–7秒，既能充分冰镇混合液，又避免过度稀释 \nTasting Table\n摇罐后，先弃掉杯中冰块。\n\n四，细滤与分层\n双重过滤：先用霍桑过滤器拦截大冰块，再用细网过滤器去除小冰屑与果渣，确保酒液纯净顺滑 \nOutside The Wine Box\n。\n\n分层注入：\n\n将过滤后的基酒液缓缓倒入杯底；\n\n沿杯壁慢慢倒入苏打水，以控制流速实现从橙红到浅紫的渐变效果\n\n五，装饰点缀\n杯沿糖霜：用柠檬汁打湿杯沿，蘸细砂糖或更具风味的香料糖，即刻呈现星屑效果 \nBon Appétit\n；也可参照Chef’s Resource的糖缘技巧 \nchefsresource.com\n。\n\n闪粉加持：在表面轻撒可食用银色闪粉，切勿一次性大量投入，以免颗粒下沉 \nAdvanced Mixology\n。\n\n柑橘油问候：取一小片橙皮，横向扭转在酒面上方，让油脂喷洒于液面，并轻擦杯缘增香 \nSerious Eats\n。\n\n主题装饰：插入星形柑橘皮与魔杖形搅拌棒，呼应“Ciallo”魔女夜宴主题。\n\n六，呈现与品饮\n上桌前确认酒液渐变流畅、闪粉均匀。\n\n首先观察杯中透亮色彩，再轻抿慢品，感受从果香→花香→草本气泡的层次递进。\n\n✨ 至此，你的“Ciallo～(∠·ω< )⌒★”已准备就绪，欢迎举杯体验魔女的专属咒语！',13.60,120.00,'Andrew','2025-05-23 03:34:00',NULL,NULL),('1749371462172','1','1',0.00,30.00,'111','2025-06-08 08:31:02',NULL,NULL),('1749472427272','蜜桃微风','在调酒壶中加入伏特加、蜜桃利口酒、新鲜柠檬汁和蜂蜜糖浆\n加入冰块，用力摇匀10-15秒至充分冷却\n将混合液体滤入装满冰块的柯林斯杯中\n轻轻倒入苏打水至杯满\n用吧勺轻轻提拉搅拌2-3次',11.10,135.00,'交流','2025-06-09 12:33:47',NULL,NULL),('1751381413135','夏日蜜桃微风','在摇酒壶中加入桃子利口酒、白葡萄汁、蜂蜜糖浆和柠檬汁\n加入冰块，用力摇晃10-15秒使原料充分混合\n将混合液过滤倒入装满冰块的高球杯中\n轻轻倒入苏打水至杯满\n用吧勺轻轻提拉混合',2.60,175.00,'communicate_1','2025-07-01 14:50:13',NULL,NULL),('1751382173897','夏日微风','将黄瓜切片放入摇酒器中，用捣棒轻轻捣碎\n加入伏特加、黄瓜汁、青柠汁和糖浆\n加入冰块，用力摇晃10-15秒\n双重过滤倒入装满冰块的柯林杯中\n轻轻倒入苏打水至杯满\n用吧勺轻轻提拉混合',6.90,175.00,'communicate_1','2025-07-01 15:02:53',NULL,NULL),('1766751188177','11','111',40.00,30.00,'communicate_1','2025-12-26 12:13:08',NULL,NULL),('1766751601513','test','1234',40.00,30.00,'communicate_1','2025-12-26 12:20:01',NULL,'这是一个测试酒单'),('1766754008611','1','',40.00,30.00,'communicate_1','2025-12-26 13:00:08','/uploads/cocktails/recipe-1744708687190-1766754008593-852418224.jpg',''),('1766754022622','1','',40.00,30.00,'communicate_1','2025-12-26 13:00:22',NULL,''),('1766754402601','test','12345',40.00,90.00,'communicate_1','2025-12-26 13:06:42','/uploads/cocktails/recipe-1744708687190-1766754402573-905341237.jpg','这是测试'),('1766754725137','123','1234',40.00,30.00,'communicate_1','2025-12-26 13:12:05','/uploads/cocktails/recipe-1744708687190-1766754753438-473680512.png','1234567'),('2000000000001','Kernel Panic (内核恐慌)','系统崩溃时的首选饮料。\n步骤：一饮而尽。',0.00,0.15,'test','2025-12-15 09:02:53',NULL,'测试数据 - Tech'),('2000000000002','Blue Screen of Death','蓝屏死机，冷静一下。',0.00,0.15,'test','2025-12-15 09:02:53',NULL,'测试数据 - Tech'),('2000000000003','Git Push Force','强行提交，后果自负。',0.00,0.15,'test','2025-12-15 09:02:53',NULL,'测试数据 - Tech'),('2000000000004','Segmentation Fault','段错误，访问了不该访问的内存。',0.00,0.15,'test','2025-12-15 09:02:53',NULL,'测试数据 - Tech'),('2000000000005','Hello World','经典入门，永不过时。',0.00,0.15,'test','2025-12-15 09:02:53',NULL,'测试数据 - Tech'),('2000000000006','Bug Free','一个美好的愿望。',0.00,0.15,'test','2025-12-15 09:02:53',NULL,'测试数据 - Tech'),('2000000000007','Stack Overflow','栈溢出，知识的海洋。',0.00,0.15,'test','2025-12-15 09:02:53',NULL,'测试数据 - Tech'),('2000000000008','Python Snake','解释型语言的顺滑口感。',0.00,0.15,'test','2025-12-15 09:02:53',NULL,'测试数据 - Tech'),('2000000000009','sudo rm -rf','危险操作，请勿模仿。',0.00,0.15,'test','2025-12-15 09:02:53',NULL,'测试数据 - Tech'),('2000000000010','404 Refresh','找不到对象？喝这个。',0.00,0.15,'test','2025-12-15 09:02:53',NULL,'测试数据 - Tech'),('2000000000011','Midnight Rain (午夜雨)','听着雨声入睡。',0.00,0.15,'test','2025-12-15 09:02:53',NULL,'测试数据 - Nature'),('2000000000012','Ocean Breeze','海风拂面。',0.00,0.15,'test','2025-12-15 09:02:53',NULL,'测试数据 - Nature'),('2000000000013','Desert Heat','如烈日般的灼热。',0.00,0.15,'test','2025-12-15 09:02:53',NULL,'测试数据 - Nature'),('2000000000014','Arctic Chill','极地寒流。',0.00,0.15,'test','2025-12-15 09:02:53',NULL,'测试数据 - Nature'),('2000000000015','Sunset Boulevard','日落大道的余晖。',0.00,0.15,'test','2025-12-15 09:02:53',NULL,'测试数据 - Nature'),('2000000000016','Forest Mist','迷雾森林。',0.00,0.15,'test','2025-12-15 09:02:53',NULL,'测试数据 - Nature'),('2000000000017','Thunderstorm','暴风雨前的宁静。',0.00,0.15,'test','2025-12-15 09:02:53',NULL,'测试数据 - Nature'),('2000000000018','Snow White','纯白如雪。',0.00,0.15,'test','2025-12-15 09:02:53',NULL,'测试数据 - Nature'),('2000000000019','Volcanic Ash','火山灰般的质感。',0.00,0.15,'test','2025-12-15 09:02:53',NULL,'测试数据 - Nature'),('2000000000020','Aurora','极光。',0.00,0.15,'test','2025-12-15 09:02:53',NULL,'测试数据 - Nature'),('2000000000021','Monday Blue (周一忧郁)','打工人的真实写照。',0.00,0.15,'test','2025-12-15 09:02:53',NULL,'测试数据 - Mood'),('2000000000022','Happy Hour','快乐时光。',0.00,0.15,'test','2025-12-15 09:02:53',NULL,'测试数据 - Mood'),('2000000000023','Sweet Dreams','祝你好梦。',0.00,0.15,'test','2025-12-15 09:02:53',NULL,'测试数据 - Mood'),('2000000000024','Bitter Truth','忠言逆耳，苦酒入喉。',0.00,0.15,'test','2025-12-15 09:02:53',NULL,'测试数据 - Mood'),('2000000000025','First Love','初恋的味道。',0.00,0.15,'test','2025-12-15 09:02:53',NULL,'测试数据 - Mood'),('2000000000026','Heartbreak Hotel','伤心旅馆。',0.00,0.15,'test','2025-12-15 09:02:53',NULL,'测试数据 - Mood'),('2000000000027','Liquid Courage','液体勇气。',0.00,0.15,'test','2025-12-15 09:02:53',NULL,'测试数据 - Mood'),('2000000000028','Silent Night','平安夜。',0.00,0.15,'test','2025-12-15 09:02:53',NULL,'测试数据 - Mood'),('2000000000029','Party Animal','派对动物。',0.00,0.15,'test','2025-12-15 09:02:53',NULL,'测试数据 - Mood'),('2000000000030','Lazy Sunday','慵懒的周日午后。',0.00,0.15,'test','2025-12-15 09:02:53',NULL,'测试数据 - Mood'),('2000000000031','The Void (虚空)','凝视深渊。',0.00,0.15,'test','2025-12-15 09:02:53',NULL,'测试数据 - Abstract'),('2000000000032','Cyberpunk 2077','赛博朋克风格。',0.00,0.15,'test','2025-12-15 09:02:53',NULL,'测试数据 - Abstract'),('2000000000033','Neon City','霓虹城市。',0.00,0.15,'test','2025-12-15 09:02:53',NULL,'测试数据 - Abstract'),('2000000000034','Retro Wave','复古波。',0.00,0.15,'test','2025-12-15 09:02:53',NULL,'测试数据 - Abstract'),('2000000000035','Abstract Art','看不懂的艺术。',0.00,0.15,'test','2025-12-15 09:02:53',NULL,'测试数据 - Abstract'),('2000000000036','Minimalism','极简主义。',0.00,0.15,'test','2025-12-15 09:02:53',NULL,'测试数据 - Abstract'),('2000000000037','Chaos Theory','混沌理论。',0.00,0.15,'test','2025-12-15 09:02:53',NULL,'测试数据 - Abstract'),('2000000000038','Quantum Leap','量子跳跃。',0.00,0.15,'test','2025-12-15 09:02:53',NULL,'测试数据 - Abstract'),('2000000000039','Lost in Translation','迷失东京。',0.00,0.15,'test','2025-12-15 09:02:53',NULL,'测试数据 - Abstract'),('2000000000040','Dark Matter','暗物质。',0.00,0.15,'test','2025-12-15 09:02:53',NULL,'测试数据 - Abstract'),('2000000000041','Final Thesis (毕业论文)','掉头发的味道。',0.00,0.15,'test','2025-12-15 09:02:53',NULL,'测试数据 - Campus'),('2000000000042','Deadline Fighter','死线战士。',0.00,0.15,'test','2025-12-15 09:02:53',NULL,'测试数据 - Campus'),('2000000000043','Library Ghost','图书馆幽灵。',0.00,0.15,'test','2025-12-15 09:02:53',NULL,'测试数据 - Campus'),('2000000000044','Cafeteria Special','食堂特供。',0.00,0.15,'test','2025-12-15 09:02:53',NULL,'测试数据 - Campus'),('2000000000045','All Nighter','通宵熬夜。',0.00,0.15,'test','2025-12-15 09:02:53',NULL,'测试数据 - Campus'),('2000000000046','Exam Week','考试周。',0.00,0.15,'test','2025-12-15 09:02:53',NULL,'测试数据 - Campus'),('2000000000047','Graduation Day','毕业那天。',0.00,0.15,'test','2025-12-15 09:02:53',NULL,'测试数据 - Campus'),('2000000000048','Roommate\'s Secret','室友的秘密。',0.00,0.15,'test','2025-12-15 09:02:53',NULL,'测试数据 - Campus'),('2000000000049','Summer Vacation','暑假。',0.00,0.15,'test','2025-12-15 09:02:53',NULL,'测试数据 - Campus'),('2000000000050','Back to School','返校日。',0.00,0.15,'test','2025-12-15 09:02:53',NULL,'测试数据 - Campus'),('recipe_1700000000001','金汤力 (Gin Tonic)','在高球杯中加入冰块，倒入金酒，加满汤力水，轻轻搅拌，用青柠角装饰。',10.00,200.00,'252','2025-05-23 03:34:00',NULL,NULL),('recipe_1700000000002','螺丝刀 (Screwdriver)','在高球杯中加入冰块，倒入伏特加，加满橙汁，轻轻搅拌。',10.00,200.00,'252','2025-05-23 03:34:00',NULL,NULL),('recipe_1700000000003','莫吉托 (Mojito)','在高球杯中，轻轻捣压薄荷叶、青柠汁和糖浆。加入碎冰，倒入朗姆酒，加满苏打水。轻轻搅拌，用薄荷枝和青柠角装饰。',10.50,190.00,'252','2025-05-23 03:34:00',NULL,NULL),('recipe_1700000000004','玛格丽特 (Margarita)','用青柠角湿润玛格丽特杯口，并沾上盐边。将龙舌兰酒、橙皮利口酒和青柠汁与冰块摇匀。滤入准备好的杯中，用青柠角装饰。',30.00,100.00,'252','2025-05-23 03:34:00',NULL,NULL),('recipe_1700000000005','长岛冰茶 (Long Island Iced Tea)','在高球杯中加入冰块，依次倒入伏特加、龙舌兰酒、朗姆酒、金酒、橙皮利口酒、柠檬汁和糖浆。用吧勺轻轻搅拌。最后加满可乐，用柠檬角装饰。',16.20,185.00,'252','2025-05-23 03:34:00',NULL,NULL);
/*!40000 ALTER TABLE `cocktails` ENABLE KEYS */;
UNLOCK TABLES;

--
-- Table structure for table `comment`
--

DROP TABLE IF EXISTS `comment`;
/*!40101 SET @saved_cs_client     = @@character_set_client */;
/*!50503 SET character_set_client = utf8mb4 */;
CREATE TABLE `comment` (
  `thread_id` varchar(255) CHARACTER SET utf8mb4 COLLATE utf8mb4_unicode_ci DEFAULT NULL,
  `id` varchar(255) NOT NULL COMMENT 'ID',
  `user_id` varchar(255) DEFAULT NULL COMMENT '用户ID',
  `username` varchar(255) DEFAULT NULL COMMENT '用户名',
  `text` text COMMENT '评论文本',
  `timestamp` datetime(3) DEFAULT NULL COMMENT '评论时间',
  PRIMARY KEY (`id`)
) ENGINE=InnoDB DEFAULT CHARSET=utf8mb4 COLLATE=utf8mb4_0900_ai_ci COMMENT='评论区';
/*!40101 SET character_set_client = @saved_cs_client */;

--
-- Dumping data for table `comment`
--

LOCK TABLES `comment` WRITE;
/*!40000 ALTER TABLE `comment` DISABLE KEYS */;
INSERT INTO `comment` VALUES ('recipe_1700000000001','1744633901096','initial_user_1','252','那个\n好玩','2025-04-14 12:31:41.096'),('recipe_1700000000001','1744635362974','1744619758182','nikki','好耶，是评论区，我们有救了','2025-04-14 12:56:02.974'),('recipe_1700000000001','1744691093832','1744638248226','Andrew','扣1送小布丁','2025-04-15 04:24:53.832'),('recipe_1700000000001','1744692008753','initial_user_1','252','111真送吗','2025-04-15 04:40:08.753'),('1744625138526','1744692068979','1744638248226','Andrew','你这个人，真是满脑子都想着自己呢','2025-04-15 04:41:08.979'),('1744691847322','1744692193786','initial_user_1','252','这能喝吗（）','2025-04-15 04:43:13.786'),('1744691847322','1744692351081','1744649052008','中山大学不会梦到Coffee学长','能喝吧','2025-04-15 04:45:51.081'),('1744692303176','1744692848390','initial_user_1','252','阎王看了都害怕的配方','2025-04-15 04:54:08.390'),('1744693380885','1744693429043','initial_user_1','252','谁写的😡','2025-04-15 05:03:49.043'),('1744693514324','1744693632499','1744638248226','Andrew','没有检验纯度，刚刚配的时候把寝室炸了，差评😭😭😭','2025-04-15 05:07:12.499'),('1744693514324','1744693666730','initial_user_1','252','😧😧','2025-04-15 05:07:46.730'),('recipe_1700000000001','1744693724179','1744693289108','「252」','111','2025-04-15 05:08:44.179'),('1744693514324','1744694119612','1744638248226','Andrew','字符串处理HTML，如何呢（）','2025-04-15 05:15:19.612'),('1744693514324','1744694179434','1744625204621','running_kuma','可以的，还是有一点防注入的','2025-04-15 05:16:19.434'),('1744692303176','1744694258240','1744693289108','「252」','无水乙醇吗，那很有生活了','2025-04-15 05:17:38.240'),('1744694215227','1744696908651','initial_user_1','252','那很有生活了','2025-04-15 06:01:48.651'),('recipe_1700000000001','1744716596378','1744716545326','lvy','呜呜呜，想喝了','2025-04-15 11:29:56.378'),('recipe_1700000000002','1744716686591','1744716545326','lvy','这个一听就很好喝','2025-04-15 11:31:26.591'),('1744625138526','1744716702427','1744716545326','lvy','这个太狠了','2025-04-15 11:31:42.427'),('1744628113626','1744716731163','initial_user_1','252','柠檬树下你和我🍋','2025-04-15 11:32:11.163'),('1744628113626','1744716883819','1744716545326','lvy','柠檬树上柠檬果，柠檬树下你和我','2025-04-15 11:34:43.819'),('1744691847322','1744716899211','1744716545326','lvy','这是在？？','2025-04-15 11:34:59.211'),('1744692303176','1744716937491','1744716545326','lvy','99.4吗，那很安全了','2025-04-15 11:35:37.491'),('1744693514324','1744716950806','1744716545326','lvy','？','2025-04-15 11:35:50.806'),('1744694215227','1744717068022','1744716545326','lvy','不禁让人想起钠的“浮熔游响红”','2025-04-15 11:37:48.022'),('recipe_1700000000003','1744717103801','1744716545326','lvy','想喝！！！','2025-04-15 11:38:23.801'),('recipe_1700000000005','1744717250126','1744716545326','lvy','我就知道肯定会有这个','2025-04-15 11:40:50.126'),('recipe_1700000000001','1744717339160','1744717281558','q','第一次见这个诶','2025-04-15 11:42:19.160'),('recipe_1700000000002','1744717427781','1744717281558','q','（被名字耽误的好酒）','2025-04-15 11:43:47.781'),('1744625138526','1744717440018','1744717281558','q','？？？？','2025-04-15 11:44:00.018'),('1744628113626','1744717464519','1744717281558','q','😍😍😍😍😍','2025-04-15 11:44:24.519'),('1744691847322','1744717480169','1744717281558','q','这不对吧','2025-04-15 11:44:40.169'),('1744692303176','1744717522181','1744717281558','q','😨😨😨还以为是化学实验','2025-04-15 11:45:22.181'),('recipe_1700000000003','1744717541712','1744717281558','q','好久没喝过了','2025-04-15 11:45:41.712'),('recipe_1700000000004','1744717659906','1744717281558','q','还有盐边吗','2025-04-15 11:47:39.906'),('recipe_1700000000005','1744717699611','1744717281558','q','经典中的经典，不知道喝什么就喝这个','2025-04-15 11:48:19.611'),('recipe_1700000000001','1744717789019','1744717743361','TRT','哇塞，是评论区，我们有救了','2025-04-15 11:49:49.019'),('1744625138526','1744717801333','1744717770733','nullah','这对吗孩子','2025-04-15 11:50:01.333'),('recipe_1700000000002','1744717802381','1744717743361','TRT','😍😍😍','2025-04-15 11:50:02.381'),('1744625138526','1744717848881','1744717743361','TRT','😰😨😰😨','2025-04-15 11:50:48.881'),('1744628113626','1744717867306','1744717743361','TRT','喜欢这个','2025-04-15 11:51:07.306'),('1744691847322','1744717905361','1744717743361','TRT','还以为是在看说明书','2025-04-15 11:51:45.361'),('1744692303176','1744717957107','1744717743361','TRT','居然是精准到0.15吗，你这家伙','2025-04-15 11:52:37.107'),('1744693514324','1744717966442','1744717743361','TRT','？？','2025-04-15 11:52:46.442'),('recipe_1700000000003','1744717979589','1744717743361','TRT','😍😍😍','2025-04-15 11:52:59.589'),('recipe_1700000000004','1744717991059','1744717743361','TRT','喜欢这个','2025-04-15 11:53:11.059'),('recipe_1700000000005','1744718010889','1744717743361','TRT','😍😍😍😍','2025-04-15 11:53:30.889'),('recipe_1700000000001','1744718449210','1744717770733','nullah','给我做','2025-04-15 12:00:49.210'),('recipe_1700000000003','1744718493722','1744717770733','nullah','我想喝，给我调r宝','2025-04-15 12:01:33.722'),('1744718483773','1744718513078','1744716545326','lvy','来喝来喝','2025-04-15 12:01:53.078'),('1744718483773','1744718519407','1744717770733','nullah','喜欢喝有果汁的','2025-04-15 12:01:59.407'),('1744625138526','1744725120601','1744649052008','中山大学不会梦到Coffee学长','抽象','2025-04-15 13:52:00.602'),('1744724951172','1744725509099','initial_user_1','252','居然是coffee吗','2025-04-15 13:58:29.099'),('1744724951172','1744725561132','1744619758182','nikki','原来是coffee啊\n我还以为是coffee呢','2025-04-15 13:59:21.132'),('recipe_1700000000002','1744726863047','initial_user_1','252','什么，你要喝螺丝刀？（）','2025-04-15 14:21:03.047'),('1744727636909','1744728337650','initial_user_1','252','。。。','2025-04-15 14:45:37.650'),('recipe_1700000000001','1744828055950','1744828010702','ig3','111','2025-04-16 18:27:35.950'),('1744823703443','1744852531385','initial_user_1','252','？？？','2025-04-17 01:15:31.385'),('recipe_1700000000001','1744861355617','1744853782173','communicate_2','感觉会很好看','2025-04-17 03:42:35.617'),('recipe_1700000000001','1744871222924','initial_user_1','252','其实是无色的（）','2025-04-17 06:27:02.924'),('1744911412427','1744941695548','initial_user_1','252','柚子厨真鹅心（）','2025-04-18 02:01:35.548'),('1749371462172','1749472301091170','4418713439705','交流','这是一个测试用例','2025-06-09 20:31:41.000'),('1751382173897','1751382275855891','3188656990521','test','111','2025-07-01 23:04:35.000'),('1766754725137','1766756606361464','1744708687190','communicate_1','1234','2025-12-26 21:43:26.000');
/*!40000 ALTER TABLE `comment` ENABLE KEYS */;
UNLOCK TABLES;

--
-- Table structure for table `favorites`
--

DROP TABLE IF EXISTS `favorites`;
/*!40101 SET @saved_cs_client     = @@character_set_client */;
/*!50503 SET character_set_client = utf8mb4 */;
CREATE TABLE `favorites` (
  `id` varchar(255) CHARACTER SET utf8mb4 COLLATE utf8mb4_unicode_ci NOT NULL,
  `user_id` varchar(255) CHARACTER SET utf8mb4 COLLATE utf8mb4_unicode_ci NOT NULL,
  `recipe_id` varchar(255) CHARACTER SET utf8mb4 COLLATE utf8mb4_unicode_ci NOT NULL,
  PRIMARY KEY (`id`),
  UNIQUE KEY `unique_favorite` (`user_id`,`recipe_id`)
) ENGINE=InnoDB DEFAULT CHARSET=utf8mb4 COLLATE=utf8mb4_unicode_ci;
/*!40101 SET character_set_client = @saved_cs_client */;

--
-- Dumping data for table `favorites`
--

LOCK TABLES `favorites` WRITE;
/*!40000 ALTER TABLE `favorites` DISABLE KEYS */;
INSERT INTO `favorites` VALUES ('174858990485535','1318504926203','1744625138526'),('1749372136564482','1318504926203','1744691847322'),('1748587358137221','1744708687190','1744625138526'),('1751381941556151','1744708687190','1744691847322'),('1751381070967633','1744708687190','1744823703443'),('1765336144068380','1744708687190','1744911412427'),('1751372769642876','1744708687190','1749472427272'),('1765730591907190','1744708687190','1751381413135'),('1765730599420323','1744708687190','1751382173897'),('1751382272269571','3188656990521','1751382173897'),('1751381620166248','3408921173467','1751381413135'),('1749472263914344','4418713439705','1749371462172');
/*!40000 ALTER TABLE `favorites` ENABLE KEYS */;
UNLOCK TABLES;

--
-- Table structure for table `ingredients`
--

DROP TABLE IF EXISTS `ingredients`;
/*!40101 SET @saved_cs_client     = @@character_set_client */;
/*!50503 SET character_set_client = utf8mb4 */;
CREATE TABLE `ingredients` (
  `id` int NOT NULL AUTO_INCREMENT COMMENT '自增主键',
  `cocktail_id` varchar(255) COLLATE utf8mb4_unicode_ci NOT NULL COMMENT '关联的鸡尾酒ID',
  `name` varchar(255) COLLATE utf8mb4_unicode_ci NOT NULL COMMENT '原料名称',
  `volume` decimal(5,2) NOT NULL COMMENT '容量（单位：毫升）',
  `abv` decimal(5,2) NOT NULL COMMENT '酒精度（如35.0）',
  PRIMARY KEY (`id`),
  KEY `cocktail_id` (`cocktail_id`)
) ENGINE=InnoDB AUTO_INCREMENT=144 DEFAULT CHARSET=utf8mb4 COLLATE=utf8mb4_unicode_ci;
/*!40101 SET character_set_client = @saved_cs_client */;

--
-- Dumping data for table `ingredients`
--

LOCK TABLES `ingredients` WRITE;
/*!40000 ALTER TABLE `ingredients` DISABLE KEYS */;
INSERT INTO `ingredients` VALUES (1,'recipe_1700000000001','金酒 (Gin)',50.00,40.00),(2,'recipe_1700000000001','汤力水 (Tonic Water)',150.00,0.00),(3,'recipe_1700000000001','青柠角 (Lime Wedge)',0.00,0.00),(4,'recipe_1700000000002','伏特加 (Vodka)',50.00,40.00),(5,'recipe_1700000000002','橙汁 (Orange Juice)',150.00,0.00),(6,'1744625138526','生命之水',500.00,96.00),(7,'1744628113626','柠檬汁',20.00,0.00),(8,'1744628113626','哈瓦那',40.00,40.00),(9,'1744628113626','汤力水',100.00,0.00),(10,'1744691847322','Everclear',10.00,95.00),(11,'1744691847322','墨西哥辣椒利口酒',10.00,30.00),(12,'1744691847322','龙舌兰(Mezcal，烟熏款)',5.00,40.00),(13,'1744691847322','Tabasco & Da Bomb辣椒酱混合液',2.00,0.00),(14,'1744691847322','番茄浓缩液（超辣椒汁调和）',3.00,0.00),(15,'1744692303176','无水乙醇',29.85,99.90),(16,'1744692303176','纯水',0.15,0.00),(17,'1744693514324','氢气',2.00,0.00),(18,'1744693514324','氧气',1.00,0.00),(19,'1744694215227','火岩夸克',200.00,100.00),(20,'1744694215227','铯',100.00,100.00),(21,'1744694215227','生命之源',500.00,0.00),(22,'recipe_1700000000003','白朗姆酒 (White Rum)',50.00,40.00),(23,'recipe_1700000000003','青柠汁 (Lime Juice)',25.00,0.00),(24,'recipe_1700000000003','糖浆 (Sugar Syrup)',15.00,0.00),(25,'recipe_1700000000003','薄荷叶 (Mint Leaves)',0.00,0.00),(26,'recipe_1700000000003','苏打水 (Soda Water)',100.00,0.00),(27,'recipe_1700000000004','龙舌兰酒 (Tequila)',50.00,40.00),(28,'recipe_1700000000004','橙皮利口酒 (Triple Sec)',25.00,40.00),(29,'recipe_1700000000004','青柠汁 (Lime Juice)',25.00,0.00),(30,'recipe_1700000000005','伏特加 (Vodka)',15.00,40.00),(31,'recipe_1700000000005','龙舌兰酒 (Tequila)',15.00,40.00),(32,'recipe_1700000000005','白朗姆酒 (White Rum)',15.00,40.00),(33,'recipe_1700000000005','金酒 (Gin)',15.00,40.00),(34,'recipe_1700000000005','橙皮利口酒 (Triple Sec)',15.00,40.00),(35,'recipe_1700000000005','柠檬汁 (Lemon Juice)',30.00,0.00),(36,'recipe_1700000000005','糖浆 (Simple Syrup)',20.00,0.00),(37,'recipe_1700000000005','可乐 (Cola)',60.00,0.00),(38,'1744718483773','伏特加',40.00,40.00),(39,'1744718483773','橙汁',100.00,0.00),(40,'1744718483773','葡萄气泡水',60.00,0.00),(41,'1744719369162','金酒',45.00,40.00),(42,'1744719369162','苦杏酒',30.00,28.00),(43,'1744719369162','柠檬汁',15.00,0.00),(44,'1744719369162','黑糖糖浆',10.00,0.00),(45,'1744719369162','苦精',0.50,45.00),(46,'1744719369162','苏打水',25.00,0.00),(47,'1744724951172','金酒',40.00,40.00),(48,'1744724951172','咖啡',150.00,0.00),(49,'1744823703443','龙舌兰',25.00,35.00),(50,'1744823703443','姜酒',15.00,13.50),(51,'1744823703443','伏特加',20.00,40.00),(52,'1744823703443','柠檬汁',20.00,0.00),(53,'1744823703443','石榴糖浆',5.00,0.00),(54,'1744911412427','血橙汁',30.00,0.00),(55,'1744911412427','覆盆子利口酒(Chambord)',15.00,16.50),(56,'1744911412427','紫罗兰力娇酒',10.00,19.00),(57,'1744911412427','金酒',30.00,40.00),(58,'1744911412427','新鲜柠檬汁',10.00,0.00),(59,'1744911412427','苏打水',25.00,0.00),(62,'1749371462172','石榴糖浆',30.00,0.00),(63,'1749472427272','伏特加',30.00,40.00),(64,'1749472427272','蜜桃利口酒',20.00,15.00),(65,'1749472427272','新鲜柠檬汁',15.00,0.00),(66,'1749472427272','蜂蜜糖浆',10.00,0.00),(67,'1749472427272','苏打水',60.00,0.00),(73,'1751381413135','桃子利口酒',30.00,15.00),(74,'1751381413135','白葡萄汁',60.00,0.00),(75,'1751381413135','蜂蜜糖浆',15.00,0.00),(76,'1751381413135','柠檬汁',10.00,0.00),(77,'1751381413135','苏打水',60.00,0.00),(78,'1751382173897','伏特加',30.00,40.00),(79,'1751382173897','黄瓜汁',60.00,0.00),(80,'1751382173897','青柠汁',20.00,0.00),(81,'1751382173897','糖浆',15.00,0.00),(82,'1751382173897','苏打水',50.00,0.00),(83,'2000000000001','纯水',0.15,0.00),(84,'2000000000002','纯水',0.15,0.00),(85,'2000000000003','纯水',0.15,0.00),(86,'2000000000004','纯水',0.15,0.00),(87,'2000000000005','纯水',0.15,0.00),(88,'2000000000006','纯水',0.15,0.00),(89,'2000000000007','纯水',0.15,0.00),(90,'2000000000008','纯水',0.15,0.00),(91,'2000000000009','纯水',0.15,0.00),(92,'2000000000010','纯水',0.15,0.00),(93,'2000000000011','纯水',0.15,0.00),(94,'2000000000012','纯水',0.15,0.00),(95,'2000000000013','纯水',0.15,0.00),(96,'2000000000014','纯水',0.15,0.00),(97,'2000000000015','纯水',0.15,0.00),(98,'2000000000016','纯水',0.15,0.00),(99,'2000000000017','纯水',0.15,0.00),(100,'2000000000018','纯水',0.15,0.00),(101,'2000000000019','纯水',0.15,0.00),(102,'2000000000020','纯水',0.15,0.00),(103,'2000000000021','纯水',0.15,0.00),(104,'2000000000022','纯水',0.15,0.00),(105,'2000000000023','纯水',0.15,0.00),(106,'2000000000024','纯水',0.15,0.00),(107,'2000000000025','纯水',0.15,0.00),(108,'2000000000026','纯水',0.15,0.00),(109,'2000000000027','纯水',0.15,0.00),(110,'2000000000028','纯水',0.15,0.00),(111,'2000000000029','纯水',0.15,0.00),(112,'2000000000030','纯水',0.15,0.00),(113,'2000000000031','纯水',0.15,0.00),(114,'2000000000032','纯水',0.15,0.00),(115,'2000000000033','纯水',0.15,0.00),(116,'2000000000034','纯水',0.15,0.00),(117,'2000000000035','纯水',0.15,0.00),(118,'2000000000036','纯水',0.15,0.00),(119,'2000000000037','纯水',0.15,0.00),(120,'2000000000038','纯水',0.15,0.00),(121,'2000000000039','纯水',0.15,0.00),(122,'2000000000040','纯水',0.15,0.00),(123,'2000000000041','纯水',0.15,0.00),(124,'2000000000042','纯水',0.15,0.00),(125,'2000000000043','纯水',0.15,0.00),(126,'2000000000044','纯水',0.15,0.00),(127,'2000000000045','纯水',0.15,0.00),(128,'2000000000046','纯水',0.15,0.00),(129,'2000000000047','纯水',0.15,0.00),(130,'2000000000048','纯水',0.15,0.00),(131,'2000000000049','纯水',0.15,0.00),(132,'2000000000050','纯水',0.15,0.00),(133,'1766751188177','伏特加',30.00,40.00),(134,'1766751601513','伏特加',30.00,40.00),(135,'1766754008611','伏特加',30.00,40.00),(136,'1766754022622','高档伏特加',30.00,40.00),(139,'1766754725137','伏特加',30.00,40.00),(141,'1766754402601','伏特加',30.00,40.00),(142,'1766754402601','白朗姆酒',30.00,40.00),(143,'1766754402601','黑朗姆酒',30.00,40.00);
/*!40000 ALTER TABLE `ingredients` ENABLE KEYS */;
UNLOCK TABLES;

--
-- Table structure for table `likes`
--

DROP TABLE IF EXISTS `likes`;
/*!40101 SET @saved_cs_client     = @@character_set_client */;
/*!50503 SET character_set_client = utf8mb4 */;
CREATE TABLE `likes` (
  `id` varchar(255) CHARACTER SET utf8mb4 COLLATE utf8mb4_unicode_ci NOT NULL,
  `user_id` varchar(255) CHARACTER SET utf8mb4 COLLATE utf8mb4_unicode_ci NOT NULL,
  `recipe_id` varchar(255) CHARACTER SET utf8mb4 COLLATE utf8mb4_unicode_ci NOT NULL,
  PRIMARY KEY (`id`),
  UNIQUE KEY `unique_like` (`user_id`,`recipe_id`)
) ENGINE=InnoDB DEFAULT CHARSET=utf8mb4 COLLATE=utf8mb4_unicode_ci;
/*!40101 SET character_set_client = @saved_cs_client */;

--
-- Dumping data for table `likes`
--

LOCK TABLES `likes` WRITE;
/*!40000 ALTER TABLE `likes` DISABLE KEYS */;
INSERT INTO `likes` VALUES ('1748589304784960','1318504926203','1744625138526'),('1749372135361220','1318504926203','1744691847322'),('174858735602666','1744708687190','1744625138526'),('1751381940420291','1744708687190','1744691847322'),('175138106974662','1744708687190','1744823703443'),('176533614311796','1744708687190','1744911412427'),('1751372768601214','1744708687190','1749472427272'),('1765730591131793','1744708687190','1751381413135'),('1765730599074697','1744708687190','1751382173897'),('1751382271333138','3188656990521','1751382173897'),('1751381619211686','3408921173467','1751381413135'),('17494722628686','4418713439705','1749371462172');
/*!40000 ALTER TABLE `likes` ENABLE KEYS */;
UNLOCK TABLES;

--
-- Table structure for table `users`
--

DROP TABLE IF EXISTS `users`;
/*!40101 SET @saved_cs_client     = @@character_set_client */;
/*!50503 SET character_set_client = utf8mb4 */;
CREATE TABLE `users` (
  `id` varchar(50) DEFAULT NULL COMMENT 'ID',
  `username` varchar(50) DEFAULT NULL COMMENT '用户名',
  `password` varchar(20) DEFAULT NULL COMMENT '密码',
  `role` enum('admin','user') DEFAULT NULL COMMENT '身份',
  `avatar` varchar(255) DEFAULT NULL COMMENT '用户头像路径',
  `signature` varchar(50) DEFAULT NULL COMMENT '个人签名'
) ENGINE=InnoDB DEFAULT CHARSET=utf8mb4 COLLATE=utf8mb4_0900_ai_ci;
/*!40101 SET character_set_client = @saved_cs_client */;

--
-- Dumping data for table `users`
--

LOCK TABLES `users` WRITE;
/*!40000 ALTER TABLE `users` DISABLE KEYS */;
INSERT INTO `users` VALUES ('initial_user_1','252','252','admin','/uploads/avatars/test.jpg','这里还没有签名哦'),('1744619758182','nikki','nikki','user','/uploads/avatars/test.jpg','这里还没有签名哦'),('1744624960556','Coffee','123456','user','/uploads/avatars/test.jpg','这里还没有签名哦'),('1744625204621','running_kuma','12345','admin','/uploads/avatars/test.jpg','这里还没有签名哦'),('1744626943058','afds','sefd','user','/uploads/avatars/test.jpg','这里还没有签名哦'),('1744630801678','dddd','dddd','user','/uploads/avatars/test.jpg','这里还没有签名哦'),('1744632679786','suosuo','cybar666888','user','/uploads/avatars/test.jpg','这里还没有签名哦'),('1744637594828','matrix','123','user','/uploads/avatars/test.jpg','这里还没有签名哦'),('1744638248226','Andrew','99%+1%=Success','admin','/uploads/avatars/test.jpg','这里还没有签名哦'),('1744648882954','zengj233','252yyds','user','/uploads/avatars/test.jpg','这里还没有签名哦'),('1744649052008','中山大学不会梦到Coffee学长','nikki','user','/uploads/avatars/test.jpg','这里还没有签名哦'),('1744649646169','我喜欢252哈哈','123456','user','/uploads/avatars/test.jpg','这里还没有签名哦'),('1744693289108','「252」','12345','user','/uploads/avatars/test.jpg','这里还没有签名哦'),('1744693302368','252大笨蛋','252tiantiankaixin','user','/uploads/avatars/test.jpg','这里还没有签名哦'),('1744693423120','「2 5 2」','1919810','user','/uploads/avatars/test.jpg','这里还没有签名哦'),('1744693917328','lll','123456','user','/uploads/avatars/test.jpg','这里还没有签名哦'),('1744708687190','communicate_1','abc1146164913','admin','/uploads/avatars/avatar-1744708687190-1766756025989-398506804.png','这是签名'),('1744710550315','aa','135790aaA','user','/uploads/avatars/test.jpg','这里还没有签名哦'),('1744716545326','lvy','1234567wc','user','/uploads/avatars/test.jpg','这里还没有签名哦'),('1744716923128','24325081','123456','user','/uploads/avatars/test.jpg','这里还没有签名哦'),('1744717281558','q','1234567wc','user','/uploads/avatars/test.jpg','这里还没有签名哦'),('1744717743361','TRT','1234567wc','user','/uploads/avatars/test.jpg','这里还没有签名哦'),('1744717770733','nullah','ryrsxz','user','/uploads/avatars/test.jpg','这里还没有签名哦'),('1744727472019','12345689','12345689','user','/uploads/avatars/test.jpg','这里还没有签名哦'),('1744803007174','Tbz','aptx4869','user','/uploads/avatars/test.jpg','这里还没有签名哦'),('1744822076732','252伟大的父亲','252252','user','/uploads/avatars/test.jpg','这里还没有签名哦'),('1744828010702','ig3','theshy','user','/uploads/avatars/test.jpg','这里还没有签名哦'),('1744853782173','communicate_2','abc1146164913','user','/uploads/avatars/test.jpg','这里还没有签名哦'),('2259303712308','test1','1234','admin','/uploads/avatars/test.jpg','这里还没有签名哦'),('1318504926203','111','111','user','/uploads/avatars/test.jpg','这里还没有签名哦'),('4418713439705','交流','1234','user','/uploads/avatars/test.jpg','这里还没有签名哦'),('3408921173467','123','123456','user','/uploads/avatars/test.jpg','这里还没有签名哦'),('3188656990521','test','abc1146164913','user','/uploads/avatars/test.jpg','这里还没有签名哦');
/*!40000 ALTER TABLE `users` ENABLE KEYS */;
UNLOCK TABLES;
/*!40103 SET TIME_ZONE=@OLD_TIME_ZONE */;

/*!40101 SET SQL_MODE=@OLD_SQL_MODE */;
/*!40014 SET FOREIGN_KEY_CHECKS=@OLD_FOREIGN_KEY_CHECKS */;
/*!40014 SET UNIQUE_CHECKS=@OLD_UNIQUE_CHECKS */;
/*!40101 SET CHARACTER_SET_CLIENT=@OLD_CHARACTER_SET_CLIENT */;
/*!40101 SET CHARACTER_SET_RESULTS=@OLD_CHARACTER_SET_RESULTS */;
/*!40101 SET COLLATION_CONNECTION=@OLD_COLLATION_CONNECTION */;
/*!40111 SET SQL_NOTES=@OLD_SQL_NOTES */;

-- Dump completed on 2025-12-27 17:39:12
